codigo,nome,ocorrencias,tribunais,rotulo
26,Distribuição,265072477,91,
51,Conclusão,248625438,91,
85,Petição,205815509,91,
60,Expedição de documento,199984724,91,
581,Documento,164594539,89,
11383,Ato ordinatório,150984416,91,
11010,Mero expediente,150800637,91,
92,Publicação,147128556,89,
246,Definitivo,139432622,88,
123,Remessa,139283088,91,
1051,Decurso de Prazo,124238681,88,
22,Baixa Definitiva,100622141,90,
1061,Disponibilização no Diário da Justiça Eletrônico,97347717,88,
132,Recebimento,97241608,91,
848,Trânsito em julgado,95845855,90,
12164,Outras Decisões,77807574,91,
12265,Expedida/certificada,68537753,50,
12266,Confirmada,52143759,36,
36,Redistribuição,45024964,91,
106,Mandado,43231832,85,
981,Recebimento,41436984,66,
982,Remessa,36809098,47,
12282,Expedida/Certificada,31515705,41,
196,Extinção da execução ou do cumprimento da sentença,30626753,90,
493,Entrega em carga/vista,28942423,69,
985,Mandado,26970107,86,
10966,Mudança de Classe Processual,25226696,68,
219,Procedência,24017424,91,procedente
898,Por decisão judicial,23088362,91,
970,Audiência,22868951,68,
220,Improcedência,22064540,91,improcedente
12287,Expedida/Certificada,20570215,39,
221,Procedência em Parte,20071021,91,parcialmente_procedente
466,Homologação de Transação,19770469,88,homologacao_acordo
12066,Cumprimento de Levantamento da Suspensão ,18894777,89,
239,Não-Provimento,18565429,91,nao_provido
787,Gratuidade da Justiça,17408390,61,
14736,Inclusão no Juízo 100% Digital,15797584,52,
245,Provisório,15402753,89,
849,Reativação,13951389,73,
11385,Execução/Cumprimento de Sentença Iniciada (o),13799072,48,
15101,Conclusão,13778531,34,
12740,de Conciliação,13346810,60,
12291,Movimentação processual,13000606,87,
12288,Confirmada,12895958,31,
118,Protocolo de Petição,12531891,52,
893,Desarquivamento,12443024,88,
14739,Evolução da Classe Processual,11955803,62,
12749,de Instrução,11950717,72,
12215,Processo devolvido à Secretaria,11573758,44,
1059,Sem efeito suspensivo,11236129,90,
14732,Conversão de Autos Físicos em Eletrônicos,11196662,68,
200,Não-Acolhimento de Embargos de Declaração,10829290,91,
12200,Mérito,10097007,57,
12185,Decisão Interlocutória de Mérito,9905186,86,
135,Apensamento,8530727,72,
785,Antecipação de tutela,8489474,91,
463,Desistência,8305555,91,extinto_sem_merito
11384,Liquidação iniciada,7996551,36,
14738,Retificação de Classe Processual,7774388,87,
12313,Pedido de inclusão em pauta virtual,7609807,47,
12614,Remessa para o CEJUSC ou Centros de Conciliação/Mediação,7546458,57,
12104,Inclusão em pauta,7544306,27,
479,Custas,6962139,48,
11022,Julgamento em Diligência,6951464,91,
417,Inclusão em pauta,6894489,58,
218,Sem Resolução de Mérito,6525858,33,extinto_sem_merito
12115,Para julgamento de mérito,6474239,78,
12283,Confirmada,6376705,30,
276,Execução frustrada,6070388,85,
332,Antecipação de tutela,6020788,91,
193,Julgamento,5997970,34,
237,Provimento,5778836,91,provido
941,Incompetência,5733523,91,
238,Provimento em Parte,5697080,91,parcialmente_provido
12750,de Instrução e Julgamento,5649386,66,
391,Denúncia,5576062,64,
12619,Recebimento do CEJUSC ou Centros de Conciliação/Mediação,5474216,53,
12174,Enviada ao Tribunal,5356437,44,
339,Liminar,5278635,91,
12747,Inicial,5205556,37,
792,Liminar,5170986,91,
12116,Para julgamento de mérito,5157223,36,
461,Ausência das condições da ação,5144124,91,extinto_sem_merito
459,Ausência de pressupostos processuais,5126160,91,extinto_sem_merito
15085,Emenda à Inicial,5103352,62,
12143,Mudança de Assunto Processual,5083879,32,
15216,,4974091,61,
12176,Paga,4763141,43,
12067,Levantamento da Suspensão ou Dessobrestamento,4521477,84,
12311,Pedido de inclusão,4512033,56,
870,Autos Eliminados,4425011,33,
471,Pronúncia de Decadência ou Prescrição,4238641,91,improcedente
235,Não Conhecimento de recurso,4180931,89,nao_conhecido
12444,deferimento,4175092,83,
12387,Decisão de Saneamento e Organização,4131984,87,
12621,Recebimento no CEJUSC ou Centros de Conciliação/Mediação,3976330,50,
454,Indeferimento da petição inicial,3874303,91,extinto_sem_merito
12142,Mudança de Parte,3783414,27,
12065,Cumprimento de Suspensão ou Sobrestamento,3751758,46,
11024,Assistência Judiciária Gratuita,3589486,61,
12270,Documento,3497075,67,
198,Acolhimento de Embargos de Declaração,3483234,90,
334,Gratuidade da Justiça,3430592,67,
12281,Comunicação eletrônica,3409746,20,
12296,Registro Processual,3186402,38,
272,"A depender do julgamento de outra causa, de outro juízo ou declaração incidente",3060656,89,
11020,Requisição de Informações,3037780,91,
979,Recebimento,2919358,53,
12263,Intimação,2913370,17,
1063,Determinação de arquivamento de procedimentos investigatórios,2836079,65,
12252,Sentença confirmada,2794871,61,
980,Remessa,2778589,55,
458,Abandono da causa,2700658,87,extinto_sem_merito
12175,Preparada para Envio,2656413,26,
977,Recebimento,2623179,46,
12430,Arquivamento,2611647,64,
265,Recurso Extraordinário com repercussão geral,2385002,70,
15238,,2312673,52,
12315,Devolvidos os autos,2259606,34,
12068,Levantamento da Suspensão ou Dessobrestamento,2208043,65,
11975,Recurso Especial repetitivo,2187337,60,
236,Negação de Seguimento,2171555,89,
434,Recurso de Revista,2150635,37,
394,Com efeito suspensivo,2099157,61,
12187,Homologação de Decisão de Juiz Leigo,2058286,38,
12751,de Julgamento,2032599,57,
12548,Expedição de alvará de levantamento,2012985,59,
11878,Prescrição,1963654,65,improcedente
433,Recurso Especial,1829861,62,
12457,Expedição de precatório/rpv,1826882,58,
12284,Citação,1763276,15,
12529,Decisão,1753126,13,
12203,Adiado,1747971,84,
12199,Julgado,1734879,11,
12753,Preliminar,1685750,41,
12214,Processo Encaminhado,1609604,16,
16,Cálculo,1600125,20,
871,Acolhimento em parte de Embargos de Declaração,1594578,91,
12105,Inclusão do processo para julgamento eletrônico,1526420,5,
14099,Homologação de Acordo em Execução ou em Cumprimento de Sentença,1487623,84,
230,Recurso prejudicado,1476109,91,
978,Remessa,1474365,39,
12298,Cancelamento de Dívida Ativa,1409806,47,
478,Cálculo de Liquidação,1395275,51,
277,Convenção das Partes para Satisfação Voluntária da Obrigação em Execução ou Cumprimento de Sentença,1394243,85,
12098,Incidente de Resolução de Demandas Repetitivas ,1372439,61,
11983,Retificação de movimento,1371570,78,
15164,Não Acolhimento de Embargos de Declaração,1361787,63,
12268,Em Secretaria,1334956,48,
897,Retirada de pauta,1303950,82,
137,Desapensamento,1274000,68,
14737,Exclusão do Juízo 100% Digital,1266754,49,
12648,Determinação de Diligência,1257686,48,
804,Recurso,1249146,90,
12532,Infrutífera,1237740,14,
14904,Agendada,1210101,16,
12455,Indeferimento,1163290,80,
432,Recurso Extraordinário,1146672,71,
14903,Determinada/Designada,1111402,18,
11376,Ausência do autor à audiência,1108437,58,extinto_sem_merito
12167,Enviada ao Tribunal,1103734,49,
818,Liberdade provisória,1086604,64,
12318,Reconhecimento de prevenção,978632,61,
12660,Deferimento do Pedido de Registro de Candidatura,967794,29,
12652,Contas Aprovadas,945994,34,
12742,de Custódia,926490,35,
275,Força maior,911321,85,
12624,Audiência do art. 334 CPC,910473,31,
460,"Perempção, litispendência ou coisa julgada",885577,90,extinto_sem_merito
12255,Redistribuição por prevenção,866453,64,
456,Extinção,862126,46,
15185,Cooperação Judiciária,860841,81,
12658,Sistema de Candidaturas Fechado,843455,26,
12189,Entrega de Documento,837462,33,
12140,Prisão em Flagrante em Prisão Preventiva,836513,45,
14999,Iniciada Tramitação Direta entre MP e Autoridade Policial,821053,24,
11013,Convenção das Partes,800761,86,
14093,Voto do Relator,797931,42,
263,Réu revel citado por edital ,795317,59,
12306,Perito,793770,43,
1049,Pagamento integral do débito,789591,62,
11009,Despacho,786015,29,
12254,Sentença desconstituída,776923,54,
12261,Emenda a inicial,774064,59,
889,Antecipação de Tutela,770168,90,
947,Por pendência de AIREsp,766001,29,
901,Negação de seguimento,758265,88,
3,Decisão,717946,30,
972,Provimento (art. 557 do CPC),713190,84,provido
15417,,710084,14,
1050,Cumprimento da Pena,687854,63,
442,Segurança,680492,89,
928,Republicação,680049,51,
12474,Distribuição,651296,55,
11377,Inadmissibilidade do procedimento sumaríssimo,645798,38,extinto_sem_merito
446,Segurança,632123,90,
12294,Comparecimento do Réu/Apenado,627659,23,
488,Cancelamento de Distribuição,600365,76,
873,Deliberação em Sessão,596017,33,
15246,,590785,16,
1002,Progressão de regime,583481,34,
11879,Decadência ou perempção,576323,57,improcedente
11014,Convenção das Partes para Cumprimento Voluntário da obrigação,564630,65,
15162,Acolhimento de Embargos de Declaração,563810,63,
12028,Cumprimento de transação penal,563233,61,
12259,"Prescrição intercorrente (art. 921, § 4º, CPC)",559357,80,improcedente
11378,Incompetência territorial,558955,58,extinto_sem_merito
788,Exceção de pré-executividade,557135,80,
473,Ausência do Reclamante,555032,65,extinto_sem_merito
892,Liminar,554116,91,
11375,Inexistência de bens penhoráveis,545038,52,
385,Com Resolução do Mérito,535869,38,
112,Ofício,522224,52,
15000,Finalizada Tramitação Direta entre MP e Autoridade Policial,521220,21,
12646,Determinada a Redistribuição,519101,43,
190,Reforma de decisão anterior,516755,80,
866,Guarda Intermediária,512464,38,
12290,Documento Expedido,510114,40,
480,Atualização de conta,506913,53,
12205,Retirado,502767,60,
12295,Depósito de Bens/Dinheiro,477156,25,
12307,Decretação de revelia,472344,61,
447,Habeas corpus,465041,83,
987,Ofício,461067,34,
264,Suspensão Condicional do Processo,458029,62,
12531,Frutífera,456278,13,
11423,Medida protetiva,451703,32,
83,Cancelamento da distribuição,446087,83,
14974,Levantamento da Causa Suspensiva ou de Sobrestamento,444785,10,
242,Conhecimento em Parte e Não-Provimento ou Denegação,429417,89,nao_provido
371,Incompetência,428388,88,
430,Recurso especial,412665,61,
12169,Paga,412247,39,
12325,Perda do objeto,403474,60,
14971,Por Ação de Controle Concentrado de Constitucionalidade,402411,46,
12204,Pedido de Vista,385229,84,
12297,Atribuição de competência,384607,16,
12659,Totalização de Eleições Efetuada,376451,28,
12733,Homologação do Acordo de Não Persecução Penal,368987,63,
431,Recurso de revista,367327,42,
12277,Início,365773,21,
12101,Inclusão do processo para julgamento eletrônico,360940,17,
20087,,353829,1,
15247,,353284,53,
12310,Pauta,352663,8,
11411,Cumprimento da suspensão condicional do processo,352008,61,
12738,Homologação de Transação Penal,351904,60,homologacao_acordo
1042,Morte do agente,348299,64,
11018,Recebimento de Embargos à Execução,342270,47,
15248,,337674,50,
1046,Renúncia do queixoso ou perdão aceito ,336553,42,
944,Desistência de Recurso,332550,91,extinto_sem_merito
1043,"Anistia, graça ou indulto",330166,51,
12654,Contas Aprovadas com Ressalvas,326585,33,
11373,Anulação de sentença/acórdão,321528,90,
945,Decisão anterior,315601,87,
11795,Procedência do Pedido - Reconhecimento pelo réu,313563,81,procedente
12539,Infrutífera,311543,27,
884,Transação Penal,307597,58,
12253,Sentença confirmada em parte,299255,55,
11008,Desmembramento de Feitos,296708,78,
11025,Suspensão ou Sobrestamento,292380,35,
14702,Incidente ou Cautelar - Procedimento Resolvido,292217,55,
12319,Não conhecimento do pedido,290188,53,nao_conhecido
12149,Detração/Remição da Pena,283106,29,
14902,Perícia,278630,2,
12436,Conhecimento para não conhecer do Recurso Especial,275179,12,nao_conhecido
12735,Extinção de Punibilidade em Razão do Cumprimento de Acordo de Não Persecução Penal,270383,61,
67,Juntada,267317,33,
1,Magistrado,265708,15,
12271,Petição,264807,36,
1019,Transferência da Execução da Pena,264665,45,
268,Morte ou perda da capacidade,259190,82,
15032,Manutenção da Prisão Preventiva,257843,48,
175,Prisão em flagrante,255863,37,
12651,Contas Não Prestação,254253,31,
12293,Ato cumprido pela parte ou interessado (sem atributo),251870,28,
128,Prisão,250569,69,
1003,Remição,248941,35,
14975,Suspensão/Sobrestamento por Recurso Extraordinário com Repercussão Geral,242358,55,
15486,,241503,25,
1054,Destinação Parcial,238586,24,
381,Recurso,222279,65,
12743,de Interrogatório,221864,61,
12649,Homologado o Pedido,219781,56,
12309,Retirada,218152,42,
12752,de Mediação,211616,50,
12458,Não conhecimento do habeas corpus,211435,56,nao_conhecido
14985,Suspensão/Sobrestamento por Incidente de Resolução de Demandas Repetitivas,209667,53,
12280,Interrupção,208664,10,
12146,Liberdade Provisória,207311,46,
12303,Defensor Dativo,202459,59,
961,Suscitação de Conflito de Competência,201512,91,
867,Guarda Permanente,199805,68,
457,Paralisação por negligência das partes,199262,78,
1013,Determinação,195909,24,
12100,Por decisão do Presidente do STF  - SIRDR,195646,56,
335,de pré-executividade,194751,76,
11379,Incompetência em razão da pessoa,191121,60,
241,Conhecimento em Parte e Provimento em Parte ou Concessão em Parte,190272,88,parcialmente_provido
15186,Cooperação Judiciária,182807,62,
481,Tributos,182018,45,
12744,de Justificação,181382,47,
10953,Pronúncia,180058,43,
12459,Prejudicado,176210,64,
12302,Curador,170673,49,
15408,,168131,71,
14961,Erro ou Recusa na Comunicação,167451,14,
270,Convenção das Partes,166706,23,
12114,Para análise da admissão do IAC,166096,3,
15086,Deferimento em Parte,163502,74,
311,Leilão ou Praça,160438,52,
12150,Impedimento,158803,88,
472,"Sumaríssimo (art. 852-B, § 1º/CLT)",158260,60,
11796,Declaração de competência em conflito,157423,86,
11374,Devedor não encontrado,156171,36,
383,Impugnação ao cumprimento de sentença,155088,52,
819,Livramento Condicional,153622,36,
12151,Suspeição,153010,89,
12168,Preparada para Envio,150653,22,
12653,Contas Desaprovadas,150571,31,
15163,Acolhimento em Parte de Embargos de Declaração,149155,63,
450,Segurança,146168,87,
11415,Comutação da pena,145824,31,
14976,Suspensão/Sobrestamento por Recurso Especial Repetitivo,144549,53,
14232,Acolhimento,143899,59,
12745,do art. 16 da Lei 11.340,143024,22,
1014,Regressão de Regime,140647,42,
160,Recebimento,140065,20,
12278,Fim,138893,17,
313,Sessão do Tribunal do Júri,136986,29,
12739,Admonitória,136166,36,
15094,Pendência de Diplomação,136048,18,
12099,Por decisão do Presidente do STJ - SIRDR,135371,42,
14235,Rejeição,130077,60,
11012,Conflito de Competência,126944,85,
455,Renúncia ao direito pelo autor,126600,88,improcedente
464,Ação intransmissível,121910,74,
12330,Pedido conhecido em parte e procedente em parte,121438,56,parcialmente_procedente
15103,Gratuidade da Justiça,120625,32,
12267,Em audiência,120232,29,
12472,Devolução dos autos à origem ,118686,57,
1045,"Prescrição, decadência ou perempção",117297,30,improcedente
443,Habeas corpus,115877,83,
14997,Arquivamento Provisório - Aguardando Captura de Réu Condenado,114592,26,
11002,Revogação da Suspensão do Processo,113643,52,
14233,Não-Acolhimento,110705,61,
12258,Emissão de juízo de retratação pelo Órgão Julgador,109944,80,
14682,Medida Cautelar Diversa da Prisão,107489,50,
429,Recurso extraordinário,106489,68,
14095,Outros Votos,106438,35,
12308,Substituição/Sucessão da Parte,105320,77,
14234,Acolhimento em Parte,103404,51,
14973,Por Recurso de Revista Repetitivo,101166,27,
1055,Cadastramento,95824,25,
11554,Indulto,92534,41,
56,Requisição de informações,91572,45,
15183,Pedido de Uniformização de Interpretação de Lei,91381,7,
377,Acordo em execução ou em cumprimento de sentença,91251,59,
12144,Unificação e Soma de Penas,91166,38,
11019,Ordenação de entrega de autos,89304,81,
25,Suspensão ou Sobrestamento,87188,30,
240,Conhecimento em Parte e Provimento ou Concessão,86640,86,provido
12453,improcedência,86436,51,improcedente
12106,Adiamento do julgamento (art. 935 do CPC),84691,28,
968,Não-Concessão,84111,22,
14982,Suspensão/Sobrestamento Determinada por Ação de Controle Concentrado de Constitucionalidade  - STF,82946,40,
11426,Medida protetiva,81396,29,
402,Denúncia,80798,65,
12694,Acolhimento (Registro Deferido),78803,28,
374,Exceção de incompetência,78371,81,
15409,,77238,54,
14219,Contas Regularizadas,77034,29,
12435,Conhecimento para negar provimento ao recurso especial,76054,20,nao_provido
269,Impedimento ou Suspeição,74953,62,
12274,Sobrestado,74685,60,
12440,conhecimento para conhecer em parte o recurso especial e negar provimento,73587,4,nao_provido
228,Arquivamento,73396,14,
14969,Por Grupo de Representativos,72657,34,
12272,Declinada a competência,71616,52,
12314,Retirar pedido de pauta virtual,71386,41,
15589,,70375,22,
12141,Relaxamento do Flagrante,68791,47,
105,Devolução,67375,11,
12616,Composição Civil dos Danos,67277,29,
817,Concessão,65508,22,
11876,Absolvição Sumária do art. 397-CPP,65352,61,
348,Liminar,64120,91,
12451,Procedência,63389,48,procedente
11003,Início do Cumprimento da Transação Penal,62992,25,
20002,,62750,1,
11380,Autor falecido e sem habilitação de sucessores,62455,55,
50149,,62011,1,
12305,Outros auxiliares de justiça,61942,55,
12767,Por Divergência de Entendimento com Tribunal Superior,61365,26,
63,Ordenação de entrega de autos,60788,19,
151,Concessão de efeito suspensivo,60568,12,
50146,,58919,1,
388,Aditamento da denúncia,58091,58,
12452,procedência parcial,57586,47,parcialmente_procedente
1047,Retratação do agente,57489,43,
11407,Improcedência do pedido e procedência do pedido contraposto,56865,53,improcedente
12449,expedição de alvará de levantamento,56729,17,
15562,,55816,24,
11424,Medida protetiva,55019,27,
12475,Habeas Corpus de ofício,54386,44,
1060,Recurso,54325,25,
1015,Suspensão do Processo,53261,25,
12454,Pedido de Uniformização de Interpretação de Lei,52930,17,
11409,Improcedência do pedido e improcedência do pedido contraposto,52326,52,improcedente
15023,DRAP Deferido,52282,28,
973,Extinção da Punibilidade,52188,36,
12198,Deliberado em Sessão,52094,10,
14906,Cancelada,50915,14,
12766,Por Divergência de Entendimento com o STF,49941,28,
12759,Realização de Procedimento Restaurativo,49358,22,
50151,,49133,1,
14212,Sistema de Candidaturas Reaberto,47924,24,
14968,Por Incidente de Assunção de Competência - IAC,47384,46,
15621,,46664,22,
100000,,46312,1,
865,Arquivista,46264,6,
349,Assistência Judiciária Gratuita,46162,37,
11406,Procedência em parte do pedido e improcedência do pedido contraposto,46077,48,parcialmente_procedente
14981,Suspensão/Sobrestamento Determinada por Controvérsia,45838,49,
347,Antecipação de Tutela,45817,85,
1010,Saída Temporária,44313,53,
12329,Pedido conhecido em parte e procedente,43960,54,procedente
15098,Alteração da Foto,43441,28,
15488,,42186,24,
100001,,41351,1,
11403,Procedência do pedido e improcedência do pedido contraposto,39928,55,procedente
15729,,39792,8,
15489,,39178,25,
15622,,38254,23,
0,,38234,2,
266,Julgamento em Diligência,37679,23,
940,Impedimento ou Suspeição,37104,82,
11017,Incidente de Insanidade Mental,36938,49,
15495,,36914,19,
10961,Impronúncia,36561,48,
15097,Alteração do Nome para Urna,35921,28,
451,Habeas corpus,35774,72,
12332,Prorrogado prazo de conclusão,35368,52,
1062,Redisponibilização no Diário da Justiça Eletrônico,35088,27,
15223,,35076,77,
12359,Liminar Prejudicada,34847,58,
12734,Revogação do Acordo de Não Persecução Penal,34785,56,
393,Queixa,34586,39,
48,Escrivão/Diretor de Secretaria/Secretário Jurídico,33525,19,
14848,Ausência de Requerimento Administrativo Prévio,32973,30,extinto_sem_merito
15063,Acolhimento em Parte,32550,26,
12177,Cancelada,30922,42,
50147,,30877,1,
50152,,30648,1,
1044,Retroatividade de lei,30278,41,
821,Pena / Medida,30200,57,
12285,Em Secretaria/Comparecimento Espontâneo,29985,29,
14984,Suspensão/Sobrestamento Determinada por Recurso de Revista Repetitivo,29931,23,
12173,Pequeno Valor,29742,4,
12434,Conhecimento para dar provimento ao Recurso Especial ,29737,11,provido
1053,Destinação,29702,26,
11425,Medida protetiva,29687,30,
12172,Suspensão,29610,16,
12437,Conhecimento para determinar sua autuação como Recurso Especial,29317,3,
12467,Desistência de pedido,29183,42,extinto_sem_merito
404,Queixa,29171,55,
12431,Embargos ,29140,58,
12179,Suspensão,28961,15,
12170,Cancelada,28919,40,
15064,Não Acolhimento,28571,28,
172,Deliberação da partilha,28383,36,
12427,Agravo em recurso especial ,28343,26,
14970,Por Controvérsia,28160,54,
12746,em Execução,28131,28,
12312,Retirar pedido de inclusão,28073,38,
12679,Provimento (Registro Deferido),28055,28,provido
12534,Infrutífera,26944,9,
12148,Prisão Domiciliar,26794,44,
15021,Destaque para Julgamento Presencial,26338,20,
12737,Revogação da Suspensão Condicional do Processo,26140,57,
14683,Medida Cautelar Diversa da Prisão,26134,44,
12186,Cancelamento de Distribuição,25224,28,
12035,Representação por ato infracional,24968,38,
378,Homologação,24788,30,
12273,Convertido em diligência,23319,51,
12456,Recurso Ordinário,23235,36,
11394,Homologada a Remissão,23150,46,
11015,"Exceção de Incompetência, suspeição ou Impedimento",22656,82,
15244,,21926,27,
12256,Continência,21268,61,
14908,Não Realizada,21061,14,
12166,Precatório,20599,6,
12165,Requisição de Pagamento,20329,8,
14905,Realizada,19589,16,
12331,Pedido conhecido em parte e improcedente,19454,53,improcedente
14978,Suspensão/Sobrestamento Determinada por Decisão do Presidente do STJ - SIRDR,19334,35,
14733,Prorrogação de Medida Protetiva,19075,23,
15062,Acolhimento,19047,29,
14210,Indeferimento do Pedido de Registro de Candidatura,19041,27,
12432,Afetação,19003,18,
15490,,18898,23,
12320,Denegação de prevenção,18469,47,
15730,,17814,4,
11792,Livramento Condicional,17803,26,
1048,Perdão judicial,17714,42,
861,Arquivamento,17695,18,
11408,Improcedência do pedido e procedência em parte do pedido contraposto,17685,42,improcedente
15487,,17544,22,
15027,Manutenção da Inscrição Eleitoral,17341,27,
1009,Trabalho Externo,17079,33,
15366,,16948,27,
869,Entrega definitiva dos autos,16812,22,
11404,Procedência em parte do pedido e procedência do pedido contraposto,16809,36,parcialmente_procedente
15022,Rejeição de Justificativa do Mesário Faltoso ou Manutenção de Multa,16124,27,
853,Conversão de Agravo de Instrumento em Recurso Especial ou Extraordinário,15913,21,
202,Decretação de falência,15904,33,
12769,Desclassificação de Delito,15862,32,
50165,,15312,1,
12540,Frutífera,15234,29,
12438,conhecimento para dar parcial provimento ao recurso especial,15053,21,parcialmente_provido
1017,Suspensão Condicional da Pena,14612,53,
12147,Domiciliar,14606,31,
373,Exceção de Impedimento ou Suspeição,14437,86,
15627,,14378,2,
1018,Transferência para outro Estabelecimento Penal,13473,32,
1016,Suspensão Condicional da Pena,13359,38,
12289,Cancelamento,13356,14,
244,Conversão de Agravo de Instrumento em Agravo Retido,13130,29,
14907,Reagendada,13124,12,
115,Recebimento,12805,8,
12445,Recurso Ordinário,12760,44,
15563,,12716,19,
12736,Unificação de Processos de Execução,12505,31,
14094,Voto Divergente Vencedor,12359,25,
12537,Não-realizada,12268,1,
10964,Extinção por Cumprimento de Medida Sócio-Educativa,12118,50,
50109,,11738,1,
11405,Procedência em parte do pedido e procedência em parte do pedido contraposto,11670,44,parcialmente_procedente
15025,Revogação da Transação Penal,11561,55,
12213,Decisão Monocrática,11507,38,
12092,Afetação ao rito dos recursos repetitivos ,11386,39,
11,Declaração,10988,19,
14211,Homologação da Renúncia ao Registro de Candidatura,10969,27,
15158,Registro de Renúncia,10871,28,
11023,Concessão,10869,23,
15100,Alteração da Data de Nascimento do Candidato,10701,27,
15726,,10498,3,
12095,Incidente de resolução de demandas repetitivas,10351,51,
12447,pagamento,10205,34,
14776,Homologação em Parte,10193,25,
14980,Suspensão/Sobrestamento Determinada por Grupo de Representativos,10143,25,
15045,Audiência de Apresentação de Adolescente,10069,21,
12673,Não-Procedência da Impugnação (Registro Deferido),9983,28,improcedente
11877,Absolvição sumária - crimes dolosos contra a vida,9680,38,
50112,,9613,1,
15582,,9409,11,
12608,Parcial,9288,13,
14,Serventuário,9001,15,
12171,Retificado,8938,12,
50129,,8779,1,
14937,Acolhimento da Justificativa do Mesário Faltoso ou Dispensa de Multa,8738,26,
15188,Audiência de Depoimento Especial,8568,23,
11381,Ausência de citação de sucessores do réu falecido,8472,36,extinto_sem_merito
59999,,8321,1,
389,Aditamento da queixa,8269,32,
11401,Procedência do pedido e procedência do pedido contraposto,8239,47,procedente
14977,Suspensão/Sobrestamento Determinada por Decisão do Presidente do STF - SIRDR,8194,47,
11396,Concessão de remissão a adolescente com exclusão do processo,8095,38,
138,Rejeição,8062,19,
90000,,8004,1,
1052,Bens Apreendidos,7989,8,
462,Convenção de arbitragem,7978,63,
15695,,7952,4,
12275,Retificado,7789,37,
146,Não-Homologação de prisão em flagrante,7763,42,
15026,Cancelamento de Inscrição Eleitoral,7712,26,
12690,Não-Provimento (Registro Indeferido),7647,29,nao_provido
15413,,7479,25,
50110,,7308,1,
15030,Cancelamento de Filiação Partidária,7294,26,
12700,Não-Acolhimento (Registro Indeferido),7290,27,
12111,Para análise da admissão do IRDR,7287,4,
12112,Para análise da admissão do IRDR,7265,4,
12184,Suspensão Condicional do Processo,7186,42,
11402,Procedência do pedido e procedência em parte do pedido contraposto,7097,39,procedente
12202,Questão de Ordem,6672,47,
50136,,6657,2,
12322,Favorável,6610,24,
7,Conversão,6490,16,
50000,,6310,2,
12032,Exequatur,6118,9,
207,Não-Admissão,6071,16,
12439,conhecimento para conhecer em parte o recurso especial e dar provimento ,5868,4,provido
12667,Procedência da Impugnação (Registro Indeferido),5848,28,procedente
206,Admissão,5817,17,
900,Declaração de competência em conflito,5797,21,
80000,,5692,1,
500024,,5648,1,
888,Concessão em parte,5590,19,
12422,Devolução da carta rogatória ao juízo rogante,5584,32,
444,Habeas data,5533,42,
50004,,5516,3,
11801,Reparação do dano,5476,42,
15494,,5462,19,
12741,de Acolhimento,5351,23,
15569,,5272,14,
12260,Autos restaurados,5271,22,
12421,Juízo provisório para medidas urgentes,5232,37,
50104,,5083,1,
15065,Não Admissão,4959,24,
15009,Por Impedimento ou Suspeição,4916,68,
133,Acolhimento de exceção,4875,21,
50002,,4828,1,
988,Permissão de saída,4805,38,
12188,Recambiamento de Preso,4594,28,
50081,,4504,1,
50107,,4443,1,
12647,Mantida a Distribuição do Processo,4344,43,
210,Concessão,4304,22,
12207,Liminar,4284,41,
12650,Não Homologado o Pedido,4157,50,
15093,Cancelamento de Diplomação,3911,7,
50137,,3837,1,
104,Oficial de Justiça,3829,9,
15102,Sessão Restaurativa,3819,20,
12655,Identificada Possível Dissidência Partidária,3751,29,
15157,Registro de Falecimento,3602,27,
15322,,3585,39,
12264,Eletrônica,3454,11,
15419,,3356,2,
12615,Composição Civil,3308,6,
12768,Manutenção de Acórdão,3183,30,
50006,,3116,1,
12178,Retificada,3088,13,
12269,Desentranhamento,3085,6,
271,"Exceção de Incompetência, suspeição ou Impedimento",3078,19,
50156,,3018,1,
990,Direito de visita,2932,30,
50157,,2932,1,
12257,Definição de tese jurídica em incidentes repetitivos,2922,63,
20019,,2887,1,
399,Aditamento da denúncia,2780,41,
14091,Devolvidos os autos após Pedido de Vista,2775,17,
12695,Acolhimento (Registro Indeferido),2731,26,
15081,Busca e Apreensão de Adolescente,2712,22,
12180,Prestação de Serviços à Comunidade,2649,30,
999,,2596,2,
12689,Não-Provimento (Registro Deferido),2579,27,nao_provido
12429,Embargos de Divergência,2563,17,
12182,Liberdade Assistida,2533,23,
12299,Prorrogação de cumprimento de pena/medida de segurança,2522,38,
50140,,2510,1,
212,Denegação,2478,17,
15205,,2452,18,
12301,Advogado Voluntário,2444,39,
15252,,2426,21,
14979,Suspensão/Sobrestamento Determinada por Incidente de Assunção de Competência - IAC,2421,40,
15099,Alteração do Número do Candidato,2404,29,
12206,Ratificação,2340,2,
15049,Audiência Concentrada Protetiva,2284,19,
15491,,2265,24,
12201,Liminar,2264,43,
278,Recebimento de Embargos à Execução,2238,18,
60408,,2214,1,
12041,Recuperação judicial,2208,26,
18,Distribuidor,2176,10,
12527,Mediação,2111,3,
50142,,2098,1,
12300,Nomeação,2092,10,
10963,Progressão de Medida Sócio-Educativa,2078,32,
12536,Infrutífera,2036,8,
163,Não-Recebimento,2013,14,
15204,,2011,17,
50000221,,1942,1,
15626,,1932,2,
12094,Incidente de Resolução de demandas repetitivas (art. 981 e 982),1901,52,
15211,,1834,17,
208,Não-Decretação de Falência,1822,31,
15050,Audiência Concentrada Infracional,1757,19,
12103,Pauta,1683,12,
5001,,1681,1,
214,Concessão em Parte,1651,14,
15168,"De Liquidação, Cumprimento de Sentença ou Execução por Nulidade da Fase de Conhecimento ",1641,10,
12533,Frutífera,1615,5,
1011,Inclusão em Regime Disciplinar Diferenciado,1531,40,
15496,,1527,21,
12145,Detração/Remição,1481,18,
15201,,1480,16,
12442,conhecimento para conhecer em parte o recurso especial ,1480,1,
50100,,1478,2,
15262,,1456,16,
70000,,1432,1,
12680,Provimento (Registro Indeferido),1408,26,provido
50125,,1407,1,
15165,Resolução Aprovada,1397,28,
15266,,1359,20,
15202,,1323,13,
12327,Respondida,1318,41,
50026,,1265,1,
279,Incidente de Insanidade Mental,1253,15,
15259,,1235,20,
11395,Remissão ao adolescente com suspensão do processo,1230,22,
50118,,1222,1,
448,Habeas data,1212,44,
11016,Exceção da Verdade,1201,36,
15501,,1192,21,
50102,,1166,2,
12476,Medida protetiva determinada por autoridade policial,1143,24,
12109,Para análise da admissão do recurso repetitivo ,1131,2,
12324,Desfavorável,1095,16,
14972,Por Decisão do Presidente do TST - SIRDR,1093,21,
14681,Descumprimento de Medida Protetiva,1083,24,
15096,Alteração da Declaração de Bens,1082,17,
12428,Reclamação,1058,40,
15203,,1057,18,
50003,,1046,3,
15206,,1043,21,
12606,Remessa negociação consumidor.gov.br,1027,8,
15503,,1024,8,
15200,,1023,13,
14096,Audiência Pública,1013,15,
465,Confusão entre autor e réu,1000,27,
15078,Substituição de Medida Socioeducativa,990,12,
12425,Unificação de Medidas Socioeducativas,966,24,
12441,Conhecimento para conhecer o recurso especial,962,6,
12716,Não Conhecimento (Registro Indeferido),943,27,nao_conhecido
15728,,932,6,
1008,Autorização,912,15,
15225,,898,4,
11021,Conversão,887,10,
15498,,882,13,
14213,Acolhimento em Parte (Registro Deferido),882,20,
12479,Medida protetiva determinada por autoridade policial,877,19,
12719,Não Conhecimento (Registro Sem Julgamento),869,25,nao_conhecido
15264,,839,19,
12093,Desafetação ao rito dos recursos repetitivos ,819,31,
15226,,812,2,
12443,conhecimento em parte para dar provimento ao recurso especial,811,4,provido
15426,,806,17,
12607,Recebimento negociação consumidor.gov.br,806,9,
50120,,805,1,
50000220,,798,1,
12163,Outras Decisões,764,5,
15024,DRAP Indeferido,740,27,
15565,,740,2,
1274,,734,1,
12535,Frutífera,701,7,
15502,,683,8,
15255,,674,16,
15257,,658,14,
12473,agravo em recurso especial ,616,8,
12609,Parcial,616,6,
15083,Manutenção de Internação Provisória,614,23,
15504,,614,11,
50144,,610,1,
15249,,609,18,
15727,,595,1,
50000219,,587,1,
14983,Suspensão/Sobrestamento Determinada por Decisão do Presidente do TST - SIRDR,585,20,
15028,Acolhimento de Pedido de Inclusão em Lista Especial,578,21,
50155,,572,1,
12321,Parecer,568,3,
50000461,,558,1,
12663,Cancelamento do Pedido de Registro de Candidatura,553,27,
12033,Sentença Estrangeira,541,6,
50101,,519,1,
55003,,517,1,
50106,,513,1,
15234,,511,10,
55002,,498,1,
15263,,493,12,
15580,,487,17,
14998,Arquivamento Provisório - Menor em Conflito com a Lei Aguardando Apreensão,479,14,
12622,Remessa para Câmara de Conciliação/Mediação,478,14,
50011377,,476,1,
960,Conflito de Competência,472,17,
15,Contador,470,10,
15245,,466,13,
12304,Intérprete/Tradutor,457,29,
12699,Não-Acolhimento (Registro Deferido),453,26,
12696,Acolhimento (Registro Cancelado),452,20,
452,Habeas data,448,38,
12097,Incidente de assunção de competência ,439,48,
12096,Incidente de assunção de competência,431,55,
50012325,,426,1,
15493,,416,20,
60015,,416,1,
12286,Eletrônica,413,7,
50001,,413,2,
15256,,412,14,
14092,Voto,405,3,
15721,,403,4,
12036,Representação por ato infracional,400,30,
7771258,,400,1,
50124,,398,1,
11011,Homologada a Remissão,380,5,
12209,Liminar,374,27,
12526,Conciliação,374,4,
50145,,372,1,
15082,Revogação de Internação de Adolescente,368,18,
50153,,364,1,
15230,,363,20,
12477,Não-Homologação,344,12,
12715,Não Conhecimento (Registro Deferido),340,26,nao_conhecido
50122,,324,1,
12674,Não-Procedência da Impugnação (Registro Indeferido),315,23,improcedente
12183,Justiça Restaurativa,305,18,
20116,,297,1,
15084,Desinternação de Adolescente,286,19,
15414,,280,11,
12617,Renúncia,277,5,
50139,,276,1,
12211,Liminar,274,29,
14231,Impugnação ao Cumprimento de Sentença,272,6,
20201,,268,1,
50128,,261,1,
445,Mandado de injunção,257,21,
15499,,250,19,
15213,,247,15,
998,,243,1,
12721,Negação de Seguimento (Registro Indeferido),232,22,
400,Aditamento da queixa,224,34,
15212,,224,13,
15079,Suspensão de Medida Socioeducativa,221,15,
14214,Acolhimento em Parte (Registro Indeferido),221,21,
50012067,,217,1,
15492,,216,18,
50123,,208,2,
15506,,207,14,
50105,,205,1,
50000459,,202,1,
15029,Indeferimento de Pedido de Inclusão em Lista Especial,201,23,
12669,Procedência em Parte da Impugnação (Registro Indeferido),201,25,parcialmente_procedente
12292,Ato cumprido pela parte ou interessado,200,4,
12724,Negação de Seguimento (Registro Sem Julgamento),197,24,
12448,Demonstração de existência de repercussão geral e  manifestação sobre a questão constitucional,189,18,
15207,,188,8,
50424,,188,1,
12446,Afetação tornada sem efeito,183,6,
12450,impugnação à execução,183,6,
15505,,177,15,
250,,175,1,
10965,Remissão a Adolescente Infrator,174,12,
50117,,171,1,
12611,Parcial,170,21,
50132,,168,1,
12717,Não Conhecimento (Registro Cancelado),165,22,nao_conhecido
10962,Regressão de Medida Sócio-Educativa,163,23,
15500,,160,15,
449,Mandado de injunção,154,23,
14218,Anulação de Sentença (Registro Sem Julgamento),149,21,
12528,Conciliação,148,1,
15166,Resolução Desaprovada,147,18,
50000463,,147,1,
50168,,144,1,
15080,Reavaliação de Medida Socioeducativa,143,16,
12618,Remessa CEJUSC,137,1,
9990111,,135,1,
12662,Cassação do Registro de Candidatura,132,18,
12181,Reparação do Dano,129,15,
59990,,127,1,
12433,Conjunto Agravo e Recurso Especial,124,2,
15067,REsp Sobrestado por Possível Prejudicialidade de RE,121,6,
20200,,118,1,
50131,,117,1,
51806,,117,1,
12748,de Instrução,114,1,
15579,,110,7,
14901,Perícia,109,2,
55010,,108,1,
300218,,107,1,
12668,Procedência em Parte da Impugnação (Registro Deferido),106,17,parcialmente_procedente
12323,Favorável em parte,105,12,
15583,,100,5,
50115,,99,1,
50011378,,99,1,
50135,,93,1,
50000454,,93,1,
15497,,91,17,
7771303,,90,1,
12685,Provimento em Parte (Registro Indeferido),88,19,parcialmente_provido
15235,,85,6,
15214,,85,11,
122,Desacolhimento de Prisão,85,7,
50126,,82,1,
12720,Negação de Seguimento (Registro Deferido),81,15,
15548,,80,4,
15510,,78,10,
12698,Acolhimento (Registro Sem Julgamento),77,22,
500996,,77,1,
15547,,77,5,
15251,,76,13,
55004,,73,1,
50000460,,73,1,
12657,Partido Movimentado,72,17,
15061,Impugnação aos Cálculos de Liquidação,70,1,
12664,Movimentar Partido,67,25,
15508,,67,9,
20249,,67,1,
12328,Respondida em parte,66,24,
15209,,65,11,
15261,,62,12,
15260,,62,4,
50167,,60,1,
15231,,59,10,
12693,Não-Provimento (Registro Sem Julgamento),59,19,nao_provido
971,Exceção da Verdade,57,6,
50113,,55,1,
50143,,53,1,
12710,Anulação de Acórdão (Registro Deferido),50,9,
50169,,49,1,
12610,Parcial,49,6,
50011376,,49,1,
9991503,,49,1,
15233,,46,8,
453,Mandado de injunção,45,11,
20020,,45,1,
12701,Não-Acolhimento (Registro Cancelado),44,13,
12792,Procedência da Impugnação (Registro Cassado),41,13,procedente
15092,Registro de Candidatura,40,1,
15265,,39,14,
12683,Provimento (Registro Sem Julgamento),39,15,provido
50000466,,39,1,
15258,,38,8,
50166,,38,1,
500998,,38,1,
15530,,38,2,
50000471,,37,1,
15715,,35,5,
12722,Negação de Seguimento (Registro Cancelado),34,11,
50005,,34,1,
12034,Exequatur,33,5,
15719,,33,5,
12666,Procedência da Impugnação (Registro Deferido),33,3,procedente
50240,,33,1,
15531,,33,1,
12697,Acolhimento (Registro Cassado),32,10,
50116,,32,1,
20000008,,32,1,
15509,,31,11,
300154,,31,1,
15718,,31,3,
15427,,29,4,
15060,Não Admissão de Recurso de Embargos à SDC/TST,29,1,
50103,,28,2,
15507,,28,6,
15561,,28,4,
7770103,,28,1,
12665,Procedência da Impugnação (Registro Deferido),27,11,procedente
7770211,,27,1,
392,Libelo,26,5,
15625,,26,1,
7771261,,26,1,
500022,,24,1,
50011379,,24,1,
15415,,22,4,
12102,"Adiamento do julgamento (CPC, art. 935)",22,1,
12684,Provimento em Parte (Registro Deferido),22,10,parcialmente_provido
12688,Provimento em Parte (Registro Sem Julgamento),22,11,parcialmente_provido
15227,,21,3,
15714,,21,4,
50009,,20,1,
12530,Conciliação,20,2,
7777878,,20,1,
12623,Recebimento de Câmara de Conciliação/Mediação,19,5,
2012,,19,1,
15717,,18,6,
14217,Acolhimento em Parte (Registro sem Julgamento),18,5,
50111,,18,1,
50012069,,18,1,
7770234,,18,1,
12113,Para análise da admissão do IAC,17,3,
12691,Não-Provimento (Registro Cancelado),17,12,nao_provido
50114,,17,1,
803,Libelo,17,3,
15254,,16,10,
12029,Recebe Teste,16,2,
50161,,16,1,
50127,,15,1,
50163,,15,1,
50011795,,14,1,
15581,,14,2,
12523,Conciliador,14,1,
15540,,13,2,
12108,Para análise de repercussão geral,13,1,
15542,,13,1,
50255,,13,1,
7771305,,13,1,
12681,Provimento (Registro Cancelado),12,5,provido
12682,Provimento (Registro Cassado),12,7,provido
50119,,12,1,
7770190,,12,1,
20000006,,12,1,
50133,,11,1,
12703,Não-Acolhimento (Registro Sem Julgamento),10,8,
12675,Não-Procedência da Impugnação (Registro Cancelado),10,5,improcedente
50164,,10,1,
501642,,10,1,
12661,Impugnação do Registro de Candidatura,10,2,
50011406,,10,1,
12676,Não-Procedência da Impugnação (Registro Cassado),9,4,improcedente
55000,,9,1,
14778,Sentença Estrangeira,9,1,
50011409,,9,1,
7770213,,9,1,
15250,,9,1,
15208,,8,2,
15416,,8,2,
390,Aditamento do libelo,8,3,
14215,Acolhimento em Parte (Registro Cancelado),8,6,
69,,8,1,
799,Aditamento do libelo,8,2,
12712,Anulação de Acórdão (Registro Cancelado),8,1,
7771243,,8,1,
15713,,7,2,
12478,Medida protetiva determinada por autoridade policia,7,1,
50012068,,7,1,
12262,Emenda a inicial,7,1,
50086,,7,1,
15210,,6,2,
15253,,6,2,
12692,Não-Provimento (Registro Cassado),6,4,nao_provido
55008,,6,1,
50010,,6,2,
50044,,6,1,
50011403,,6,1,
15232,,6,1,
7770360,,6,1,
7771247,,6,1,
7771250,,6,1,
7771253,,6,1,
50029,,5,1,
50158,,5,1,
12678,Registro de Candidatura,5,1,
14216,Acolhimento em Parte (Registro Cassado),5,3,
15716,,5,2,
7770225,,5,1,
7770277,,5,1,
7775008,,5,1,
12702,Não-Acolhimento (Registro Cassado),4,2,
50013,,4,1,
55007,,4,1,
12276,Cumprimento da pena,4,2,
99999999,,4,1,
15539,,4,3,
12522,Auxiliar da Justiça,4,2,
15725,,4,1,
7771308,,4,1,
15712,,4,1,
15059,Não Admissão de Recurso de Embargos à SDI/TST,3,1,
12110,Para análise da admissão do recurso repetitivo ,3,3,
14777,Sentença Estrangeira,3,2,
50093,,3,1,
50162,,3,1,
55006,,3,1,
12670,Procedência em Parte da Impugnação (Registro Cancelado),3,2,parcialmente_procedente
1311,,3,1,
50011,,3,1,
50041,,3,1,
50045,,3,1,
50999,,3,1,
12210,Ratificação em Parte,3,2,
7770275,,3,1,
7771077,,3,1,
7771146,,3,1,
7772012,,3,1,
7772203,,3,1,
7775014,,3,1,
12723,Negação de Seguimento (Registro Cassado),2,2,
14680,Exequatur,2,2,
12711,Anulação de Acórdao (Registro Indeferido),2,2,
50130,,2,1,
12672,Procedência em Parte da Impugnação (Registro Cassado),2,2,parcialmente_procedente
12677,Procedência da Impugnação (Registro Cancelado),2,2,procedente
50007,,2,1,
50033,,2,1,
50051,,2,1,
60007,,2,1,
50011407,,2,1,
1235,,2,1,
15229,,2,2,
15541,,2,1,
12326,Consulta,2,1,
15585,,2,1,
868,,2,1,
15587,,2,2,
15696,,2,2,
12765,Envio para Juízo de Retratação ,2,1,
7770173,,2,1,
7770212,,2,1,
7770227,,2,1,
7770254,,2,1,
7771015,,2,1,
7771164,,2,1,
7775011,,2,1,
12107,Para análise de repercussão geral,1,1,
12686,Provimento em Parte (Registro Cancelado),1,1,parcialmente_provido
15058,Admissão de Recurso de Embargos à SDC/TST,1,1,
50138,,1,1,
50148,,1,1,
50150,,1,1,
55005,,1,1,
55009,,1,1,
55011,,1,1,
500023,,1,1,
12718,Não Conhecimento (Registro Cassado),1,1,nao_conhecido
12714,Anulação de Acórdão (Registro Sem Julgamento),1,1,
50008,,1,1,
50018,,1,1,
50024,,1,1,
50037,,1,1,
50043,,1,1,
50000455,,1,1,
50000457,,1,1,
50011374,,1,1,
50011401,,1,1,
50011402,,1,1,
50011404,,1,1,
50011408,,1,1,
50012256,,1,1,
10131,,1,1,
10132,,1,1,
810004,,1,1,
15780,,1,1,
12713,Anulação de Acórdão (Registro Cassado),1,1,
12524,Juiz Leigo,1,1,
12687,Provimento em Parte (Registro Cassado),1,1,parcialmente_provido
50289,,1,1,
55555,,1,1,
7770202,,1,1,
7770215,,1,1,
7770361,,1,1,
7771240,,1,1,
7771242,,1,1,
7771245,,1,1,
7771248,,1,1,
7771257,,1,1,
7771309,,1,1,
7772388,,1,1,
